lr,train_loss,epoch,step
0.009999999776482582,16.194665908813477,0,0
0.009999999776482582,16.19485092163086,1,1
0.009999999776482582,16.19463348388672,2,2
0.009999999776482582,16.194438934326172,3,3
0.009999999776482582,16.19442367553711,4,4
0.009999999776482582,16.194438934326172,5,5
0.009999999776482582,16.1945858001709,6,6
0.009999999776482582,16.19464683532715,7,7
0.009999999776482582,16.19460105895996,8,8
0.009999999776482582,16.19451904296875,9,9
0.009999999776482582,16.19443130493164,10,10
0.009999999776482582,16.194480895996094,11,11
0.009999999776482582,16.194480895996094,12,12
0.009999999776482582,16.194517135620117,13,13
0.009999999776482582,16.194473266601562,14,14
0.009999999776482582,16.194446563720703,15,15
0.009999999776482582,16.194595336914062,16,16
0.009999999776482582,16.194665908813477,17,17
0.009999999776482582,16.194650650024414,18,18
0.009999999776482582,16.194705963134766,19,19
0.009999999776482582,16.194616317749023,20,20
0.009999999776482582,16.19482421875,21,21
0.009999999776482582,16.194976806640625,22,22
0.009999999776482582,16.195026397705078,23,23
0.009999999776482582,16.19480323791504,24,24
0.009999999776482582,16.194812774658203,25,25
0.009999999776482582,16.19471549987793,26,26
0.009999999776482582,16.194931030273438,27,27
0.009999999776482582,16.194772720336914,28,28
0.009999999776482582,16.194673538208008,29,29
0.009999999776482582,16.19470977783203,30,30
0.009999999776482582,16.194761276245117,31,31
0.009999999776482582,16.19471549987793,32,32
0.009999999776482582,16.194679260253906,33,33
0.009999999776482582,16.194766998291016,34,34
0.009999999776482582,16.194782257080078,35,35
0.009999999776482582,16.19479751586914,36,36
0.009999999776482582,16.194599151611328,37,37
0.009999999776482582,16.19458770751953,38,38
0.009999999776482582,16.194576263427734,39,39
0.009999999776482582,16.194664001464844,40,40
0.009999999776482582,16.194730758666992,41,41
0.009999999776482582,16.19476318359375,42,42
0.009999999776482582,16.19466209411621,43,43
0.009999999776482582,16.194604873657227,44,44
0.009999999776482582,16.194637298583984,45,45
0.009999999776482582,16.194637298583984,46,46
0.009999999776482582,16.194791793823242,47,47
0.009999999776482582,16.19489288330078,48,48
0.009999999776482582,16.194828033447266,49,49
0.009999999776482582,16.19473648071289,50,50
0.009999999776482582,16.19482421875,51,51
0.009999999776482582,16.194795608520508,52,52
0.009999999776482582,16.194826126098633,53,53
0.009999999776482582,16.194726943969727,54,54
0.009999999776482582,16.194717407226562,55,55
0.009999999776482582,16.194700241088867,56,56
0.009999999776482582,16.19467544555664,57,57
0.009999999776482582,16.194656372070312,58,58
0.009999999776482582,16.19462776184082,59,59
0.009999999776482582,16.19471549987793,60,60
0.009999999776482582,16.194711685180664,61,61
0.009999999776482582,16.19468879699707,62,62
0.009999999776482582,16.194713592529297,63,63
0.009999999776482582,16.194812774658203,64,64
0.009999999776482582,16.194936752319336,65,65
0.009999999776482582,16.194774627685547,66,66
0.009999999776482582,16.19479751586914,67,67
0.009999999776482582,16.19481086730957,68,68
0.009999999776482582,16.194782257080078,69,69
0.009999999776482582,16.194908142089844,70,70
0.009999999776482582,16.194805145263672,71,71
0.009999999776482582,16.194747924804688,72,72
0.009999999776482582,16.19489288330078,73,73
0.009999999776482582,16.19478988647461,74,74
0.009999999776482582,16.19466781616211,75,75
0.009999999776482582,16.19463348388672,76,76
0.009999999776482582,16.194660186767578,77,77
0.009999999776482582,16.194786071777344,78,78
0.009999999776482582,16.194673538208008,79,79
0.009999999776482582,16.194660186767578,80,80
0.009999999776482582,16.194591522216797,81,81
0.009999999776482582,16.19460678100586,82,82
0.009999999776482582,16.19492530822754,83,83
0.009999999776482582,16.19487762451172,84,84
0.009999999776482582,16.194805145263672,85,85
0.009999999776482582,16.194690704345703,86,86
0.009999999776482582,16.194650650024414,87,87
0.009999999776482582,16.19483757019043,88,88
0.009999999776482582,16.194923400878906,89,89
0.009999999776482582,16.194900512695312,90,90
0.009999999776482582,16.194923400878906,91,91
0.009999999776482582,16.194992065429688,92,92
0.009999999776482582,16.194961547851562,93,93
0.009999999776482582,16.194915771484375,94,94
0.009999999776482582,16.194787979125977,95,95
0.009999999776482582,16.19469451904297,96,96
0.009999999776482582,16.19478416442871,97,97
0.009999999776482582,16.194599151611328,98,98
0.009999999776482582,16.194446563720703,99,99
0.009999999776482582,16.194442749023438,100,100
0.009999999776482582,16.194454193115234,101,101
0.009999999776482582,16.194318771362305,102,102
0.009999999776482582,16.194290161132812,103,103
0.009999999776482582,16.1944580078125,104,104
0.009999999776482582,16.19442367553711,105,105
0.009999999776482582,16.19434928894043,106,106
0.009999999776482582,16.194480895996094,107,107
0.009999999776482582,16.194480895996094,108,108
0.009999999776482582,16.194551467895508,109,109
0.009999999776482582,16.194631576538086,110,110
0.009999999776482582,16.194679260253906,111,111
0.009999999776482582,16.19468116760254,112,112
0.009999999776482582,16.194692611694336,113,113
0.009999999776482582,16.1947021484375,114,114
0.009999999776482582,16.194698333740234,115,115
0.009999999776482582,16.194679260253906,116,116
0.009999999776482582,16.194578170776367,117,117
0.009999999776482582,16.194486618041992,118,118
0.009999999776482582,16.194385528564453,119,119
0.009999999776482582,16.194446563720703,120,120
0.009999999776482582,16.194477081298828,121,121
0.009999999776482582,16.194623947143555,122,122
0.009999999776482582,16.19456672668457,123,123
0.009999999776482582,16.19456672668457,124,124
0.009999999776482582,16.194562911987305,125,125
0.009999999776482582,16.194679260253906,126,126
0.009999999776482582,16.194738388061523,127,127
0.009999999776482582,16.194671630859375,128,128
0.009999999776482582,16.19465446472168,129,129
0.009999999776482582,16.194679260253906,130,130
0.009999999776482582,16.194480895996094,131,131
0.009999999776482582,16.19451332092285,132,132
0.009999999776482582,16.19449806213379,133,133
0.009999999776482582,16.194555282592773,134,134
0.009999999776482582,16.19453239440918,135,135
0.009999999776482582,16.194507598876953,136,136
0.009999999776482582,16.194496154785156,137,137
0.009999999776482582,16.19449234008789,138,138
0.009999999776482582,16.19451141357422,139,139
0.009999999776482582,16.19455337524414,140,140
0.009999999776482582,16.19454002380371,141,141
0.009999999776482582,16.194503784179688,142,142
0.009999999776482582,16.194488525390625,143,143
0.009999999776482582,16.194503784179688,144,144
0.009999999776482582,16.194520950317383,145,145
0.009999999776482582,16.194561004638672,146,146
0.009999999776482582,16.194597244262695,147,147
0.009999999776482582,16.19460105895996,148,148
0.009999999776482582,16.194671630859375,149,149
0.009999999776482582,16.194658279418945,150,150
0.009999999776482582,16.194690704345703,151,151
0.009999999776482582,16.194704055786133,152,152
0.009999999776482582,16.194665908813477,153,153
0.009999999776482582,16.19472885131836,154,154
0.009999999776482582,16.19476318359375,155,155
0.009999999776482582,16.194717407226562,156,156
0.009999999776482582,16.194669723510742,157,157
0.009999999776482582,16.194705963134766,158,158
0.009999999776482582,16.19472885131836,159,159
0.009999999776482582,16.194698333740234,160,160
0.009999999776482582,16.194713592529297,161,161
0.009999999776482582,16.194713592529297,162,162
0.009999999776482582,16.1946964263916,163,163
0.009999999776482582,16.194725036621094,164,164
0.009999999776482582,16.194713592529297,165,165
0.009999999776482582,16.19469451904297,166,166
0.009999999776482582,16.1946964263916,167,167
0.009999999776482582,16.194644927978516,168,168
0.009999999776482582,16.194629669189453,169,169
0.009999999776482582,16.1945743560791,170,170
0.009999999776482582,16.19459342956543,171,171
0.009999999776482582,16.194599151611328,172,172
0.009999999776482582,16.1945743560791,173,173
0.009999999776482582,16.194580078125,174,174
0.009999999776482582,16.194580078125,175,175
0.009999999776482582,16.194580078125,176,176
0.009999999776482582,16.19460105895996,177,177
0.009999999776482582,16.1945743560791,178,178
0.009999999776482582,16.194629669189453,179,179
0.009999999776482582,16.19467544555664,180,180
0.009999999776482582,16.19464111328125,181,181
0.009999999776482582,16.19466209411621,182,182
0.009999999776482582,16.194669723510742,183,183
0.009999999776482582,16.194671630859375,184,184
0.009999999776482582,16.19467544555664,185,185
0.009999999776482582,16.194671630859375,186,186
0.009999999776482582,16.194652557373047,187,187
0.009999999776482582,16.194652557373047,188,188
0.009999999776482582,16.194591522216797,189,189
0.009999999776482582,16.194599151611328,190,190
0.009999999776482582,16.194576263427734,191,191
0.009999999776482582,16.194610595703125,192,192
0.009999999776482582,16.1945858001709,193,193
0.009999999776482582,16.19459342956543,194,194
0.009999999776482582,16.194580078125,195,195
0.009999999776482582,16.19457244873047,196,196
0.009999999776482582,16.19455909729004,197,197
0.009999999776482582,16.194568634033203,198,198
0.009999999776482582,16.194568634033203,199,199
0.009999999776482582,16.194564819335938,200,200
0.009999999776482582,16.19457244873047,201,201
0.009999999776482582,16.194570541381836,202,202
0.009999999776482582,16.194568634033203,203,203
0.009999999776482582,16.194595336914062,204,204
0.009999999776482582,16.194583892822266,205,205
0.009999999776482582,16.194568634033203,206,206
0.009999999776482582,16.19458770751953,207,207
0.009999999776482582,16.19460105895996,208,208
0.009999999776482582,16.194576263427734,209,209
0.009999999776482582,16.194549560546875,210,210
0.009999999776482582,16.194547653198242,211,211
0.009999999776482582,16.194568634033203,212,212
0.009999999776482582,16.194583892822266,213,213
0.009999999776482582,16.19457244873047,214,214
0.009999999776482582,16.194597244262695,215,215
0.009999999776482582,16.194578170776367,216,216
0.009999999776482582,16.194576263427734,217,217
0.009999999776482582,16.1945858001709,218,218
0.009999999776482582,16.19456672668457,219,219
0.009999999776482582,16.194595336914062,220,220
0.009999999776482582,16.19460105895996,221,221
0.009999999776482582,16.19460678100586,222,222
0.009999999776482582,16.19458770751953,223,223
0.009999999776482582,16.194570541381836,224,224
0.009999999776482582,16.194576263427734,225,225
0.009999999776482582,16.19455909729004,226,226
0.009999999776482582,16.194581985473633,227,227
0.009999999776482582,16.194564819335938,228,228
0.009999999776482582,16.194580078125,229,229
0.009999999776482582,16.19456672668457,230,230
0.009999999776482582,16.194580078125,231,231
0.009999999776482582,16.19457244873047,232,232
0.009999999776482582,16.194583892822266,233,233
0.009999999776482582,16.194580078125,234,234
0.009999999776482582,16.194599151611328,235,235
0.009999999776482582,16.19461441040039,236,236
0.009999999776482582,16.194581985473633,237,237
0.009999999776482582,16.19456672668457,238,238
0.009999999776482582,16.194580078125,239,239
0.009999999776482582,16.194564819335938,240,240
0.009999999776482582,16.194561004638672,241,241
0.009999999776482582,16.194576263427734,242,242
0.009999999776482582,16.19455909729004,243,243
0.009999999776482582,16.1945743560791,244,244
0.009999999776482582,16.194576263427734,245,245
0.009999999776482582,16.194591522216797,246,246
0.009999999776482582,16.194578170776367,247,247
0.009999999776482582,16.194576263427734,248,248
0.009999999776482582,16.194576263427734,249,249
0.009999999776482582,16.194608688354492,250,250
0.009999999776482582,16.194602966308594,251,251
0.009999999776482582,16.1945743560791,252,252
0.009999999776482582,16.194583892822266,253,253
0.009999999776482582,16.19457244873047,254,254
0.009999999776482582,16.194557189941406,255,255
0.009999999776482582,16.194562911987305,256,256
0.009999999776482582,16.194576263427734,257,257
0.009999999776482582,16.194555282592773,258,258
0.009999999776482582,16.19455909729004,259,259
0.009999999776482582,16.194564819335938,260,260
0.009999999776482582,16.194580078125,261,261
0.009999999776482582,16.194581985473633,262,262
0.009999999776482582,16.19457244873047,263,263
0.009999999776482582,16.194570541381836,264,264
0.009999999776482582,16.194583892822266,265,265
0.009999999776482582,16.194618225097656,266,266
0.009999999776482582,16.19458770751953,267,267
0.009999999776482582,16.19457244873047,268,268
0.009999999776482582,16.194568634033203,269,269
0.009999999776482582,16.194570541381836,270,270
0.009999999776482582,16.194557189941406,271,271
0.009999999776482582,16.19456672668457,272,272
0.009999999776482582,16.194589614868164,273,273
0.009999999776482582,16.194591522216797,274,274
0.009999999776482582,16.194561004638672,275,275
0.009999999776482582,16.1945858001709,276,276
0.009999999776482582,16.1945858001709,277,277
0.009999999776482582,16.194583892822266,278,278
0.009999999776482582,16.194568634033203,279,279
0.009999999776482582,16.1945743560791,280,280
0.009999999776482582,16.1945743560791,281,281
0.009999999776482582,16.194599151611328,282,282
0.009999999776482582,16.194602966308594,283,283
0.009999999776482582,16.194591522216797,284,284
0.009999999776482582,16.1945743560791,285,285
0.009999999776482582,16.194583892822266,286,286
0.009999999776482582,16.194576263427734,287,287
0.009999999776482582,16.1945743560791,288,288
0.009999999776482582,16.194562911987305,289,289
0.009999999776482582,16.194583892822266,290,290
0.009999999776482582,16.194581985473633,291,291
0.009999999776482582,16.194568634033203,292,292
0.009999999776482582,16.194583892822266,293,293
0.009999999776482582,16.194576263427734,294,294
0.009999999776482582,16.194595336914062,295,295
0.009999999776482582,16.19460678100586,296,296
0.009999999776482582,16.194564819335938,297,297
0.009999999776482582,16.194570541381836,298,298
0.009999999776482582,16.194583892822266,299,299
0.009999999776482582,16.194591522216797,300,300
0.009999999776482582,16.194581985473633,301,301
0.009999999776482582,16.1945858001709,302,302
0.009999999776482582,16.19457244873047,303,303
0.009999999776482582,16.19457244873047,304,304
0.009999999776482582,16.194580078125,305,305
0.009999999776482582,16.194568634033203,306,306
0.009999999776482582,16.194580078125,307,307
0.009999999776482582,16.194583892822266,308,308
0.009999999776482582,16.194581985473633,309,309
0.009999999776482582,16.194561004638672,310,310
0.009999999776482582,16.194576263427734,311,311
0.009999999776482582,16.194583892822266,312,312
0.009999999776482582,16.194583892822266,313,313
0.009999999776482582,16.194576263427734,314,314
0.009999999776482582,16.194570541381836,315,315
0.009999999776482582,16.19457244873047,316,316
0.009999999776482582,16.194564819335938,317,317
0.009999999776482582,16.194595336914062,318,318
0.009999999776482582,16.194599151611328,319,319
0.009999999776482582,16.194583892822266,320,320
0.009999999776482582,16.194583892822266,321,321
0.009999999776482582,16.194576263427734,322,322
0.009999999776482582,16.194580078125,323,323
0.009999999776482582,16.194578170776367,324,324
0.009999999776482582,16.194562911987305,325,325
0.009999999776482582,16.194576263427734,326,326
0.009999999776482582,16.19458770751953,327,327
0.009999999776482582,16.194581985473633,328,328
0.009999999776482582,16.194557189941406,329,329
0.009999999776482582,16.194561004638672,330,330
0.009999999776482582,16.19458770751953,331,331
0.009999999776482582,16.194580078125,332,332
0.009999999776482582,16.194576263427734,333,333
0.009999999776482582,16.194578170776367,334,334
0.009999999776482582,16.1945743560791,335,335
0.009999999776482582,16.194568634033203,336,336
0.009999999776482582,16.194568634033203,337,337
0.009999999776482582,16.194599151611328,338,338
0.009999999776482582,16.194583892822266,339,339
0.009999999776482582,16.19457244873047,340,340
0.009999999776482582,16.194568634033203,341,341
0.009999999776482582,16.194578170776367,342,342
0.009999999776482582,16.194580078125,343,343
0.009999999776482582,16.19458770751953,344,344
0.009999999776482582,16.194576263427734,345,345
0.009999999776482582,16.19456672668457,346,346
0.009999999776482582,16.19457244873047,347,347
0.009999999776482582,16.194583892822266,348,348
0.009999999776482582,16.194583892822266,349,349
0.009999999776482582,16.194576263427734,350,350
0.009999999776482582,16.19455337524414,351,351
0.009999999776482582,16.194576263427734,352,352
0.009999999776482582,16.194583892822266,353,353
0.009999999776482582,16.194564819335938,354,354
0.009999999776482582,16.19457244873047,355,355
0.009999999776482582,16.194564819335938,356,356
0.009999999776482582,16.194561004638672,357,357
0.009999999776482582,16.194568634033203,358,358
0.009999999776482582,16.194570541381836,359,359
0.009999999776482582,16.194591522216797,360,360
0.009999999776482582,16.194591522216797,361,361
0.009999999776482582,16.1945858001709,362,362
0.009999999776482582,16.1945858001709,363,363
0.009999999776482582,16.194570541381836,364,364
0.009999999776482582,16.194564819335938,365,365
0.009999999776482582,16.1945743560791,366,366
0.009999999776482582,16.1945743560791,367,367
0.009999999776482582,16.194580078125,368,368
0.009999999776482582,16.194580078125,369,369
0.009999999776482582,16.194583892822266,370,370
0.009999999776482582,16.194580078125,371,371
0.009999999776482582,16.19458770751953,372,372
0.009999999776482582,16.19457244873047,373,373
0.009999999776482582,16.19455909729004,374,374
0.009999999776482582,16.194568634033203,375,375
0.009999999776482582,16.19457244873047,376,376
0.009999999776482582,16.194580078125,377,377
0.009999999776482582,16.19458770751953,378,378
0.009999999776482582,16.194576263427734,379,379
0.009999999776482582,16.194561004638672,380,380
0.009999999776482582,16.19455909729004,381,381
0.009999999776482582,16.194570541381836,382,382
0.009999999776482582,16.194564819335938,383,383
0.009999999776482582,16.194580078125,384,384
0.009999999776482582,16.194595336914062,385,385
0.009999999776482582,16.19458770751953,386,386
0.009999999776482582,16.1945858001709,387,387
0.009999999776482582,16.19458770751953,388,388
0.009999999776482582,16.194576263427734,389,389
0.009999999776482582,16.19457244873047,390,390
0.009999999776482582,16.194580078125,391,391
0.009999999776482582,16.194580078125,392,392
0.009999999776482582,16.194570541381836,393,393
0.009999999776482582,16.1945743560791,394,394
0.009999999776482582,16.194580078125,395,395
0.009999999776482582,16.1945743560791,396,396
0.009999999776482582,16.19456672668457,397,397
0.009999999776482582,16.194576263427734,398,398
0.009999999776482582,16.194576263427734,399,399
0.009999999776482582,16.194583892822266,400,400
0.009999999776482582,16.1945858001709,401,401
0.009999999776482582,16.194580078125,402,402
0.009999999776482582,16.194591522216797,403,403
0.009999999776482582,16.194576263427734,404,404
0.009999999776482582,16.194561004638672,405,405
0.009999999776482582,16.194562911987305,406,406
0.009999999776482582,16.194561004638672,407,407
0.009999999776482582,16.194562911987305,408,408
0.009999999776482582,16.194580078125,409,409
0.009999999776482582,16.19459342956543,410,410
0.009999999776482582,16.194578170776367,411,411
0.009999999776482582,16.194568634033203,412,412
0.009999999776482582,16.194561004638672,413,413
0.009999999776482582,16.194557189941406,414,414
0.009999999776482582,16.194564819335938,415,415
0.009999999776482582,16.19457244873047,416,416
0.009999999776482582,16.19458770751953,417,417
0.009999999776482582,16.194597244262695,418,418
0.009999999776482582,16.194599151611328,419,419
0.009999999776482582,16.19460105895996,420,420
0.009999999776482582,16.194591522216797,421,421
0.009999999776482582,16.194591522216797,422,422
0.009999999776482582,16.194599151611328,423,423
0.009999999776482582,16.19458770751953,424,424
0.009999999776482582,16.194578170776367,425,425
0.009999999776482582,16.194583892822266,426,426
0.009999999776482582,16.194576263427734,427,427
0.009999999776482582,16.194580078125,428,428
0.009999999776482582,16.194581985473633,429,429
0.009999999776482582,16.1945743560791,430,430
0.009999999776482582,16.194561004638672,431,431
0.009999999776482582,16.194580078125,432,432
0.009999999776482582,16.194583892822266,433,433
0.009999999776482582,16.194581985473633,434,434
0.009999999776482582,16.1945858001709,435,435
0.009999999776482582,16.194583892822266,436,436
0.009999999776482582,16.194591522216797,437,437
0.009999999776482582,16.194576263427734,438,438
0.009999999776482582,16.19455909729004,439,439
0.009999999776482582,16.194561004638672,440,440
0.009999999776482582,16.194561004638672,441,441
0.009999999776482582,16.194557189941406,442,442
0.009999999776482582,16.19455337524414,443,443
0.009999999776482582,16.194578170776367,444,444
0.009999999776482582,16.194580078125,445,445
0.009999999776482582,16.19458770751953,446,446
0.009999999776482582,16.194583892822266,447,447
0.009999999776482582,16.194576263427734,448,448
0.009999999776482582,16.19457244873047,449,449
0.009999999776482582,16.194564819335938,450,450
0.009999999776482582,16.1945743560791,451,451
0.009999999776482582,16.19457244873047,452,452
0.009999999776482582,16.194583892822266,453,453
0.009999999776482582,16.19458770751953,454,454
0.009999999776482582,16.194595336914062,455,455
0.009999999776482582,16.194602966308594,456,456
0.009999999776482582,16.194599151611328,457,457
0.009999999776482582,16.19460105895996,458,458
0.009999999776482582,16.194591522216797,459,459
0.009999999776482582,16.194591522216797,460,460
0.009999999776482582,16.194589614868164,461,461
0.009999999776482582,16.194595336914062,462,462
0.009999999776482582,16.19458770751953,463,463
0.009999999776482582,16.194581985473633,464,464
0.009999999776482582,16.194583892822266,465,465
0.009999999776482582,16.194581985473633,466,466
0.009999999776482582,16.194583892822266,467,467
0.009999999776482582,16.194580078125,468,468
0.009999999776482582,16.194580078125,469,469
0.009999999776482582,16.1945743560791,470,470
0.009999999776482582,16.194562911987305,471,471
0.009999999776482582,16.194576263427734,472,472
0.009999999776482582,16.194581985473633,473,473
0.009999999776482582,16.194581985473633,474,474
0.009999999776482582,16.19458770751953,475,475
0.009999999776482582,16.19458770751953,476,476
0.009999999776482582,16.1945858001709,477,477
0.009999999776482582,16.19458770751953,478,478
0.009999999776482582,16.194591522216797,479,479
0.009999999776482582,16.19457244873047,480,480
0.009999999776482582,16.194561004638672,481,481
0.009999999776482582,16.194561004638672,482,482
0.009999999776482582,16.194564819335938,483,483
0.009999999776482582,16.194562911987305,484,484
0.009999999776482582,16.194562911987305,485,485
0.009999999776482582,16.194568634033203,486,486
0.009999999776482582,16.194564819335938,487,487
0.009999999776482582,16.194578170776367,488,488
0.009999999776482582,16.194576263427734,489,489
0.009999999776482582,16.194581985473633,490,490
0.009999999776482582,16.194576263427734,491,491
0.009999999776482582,16.194576263427734,492,492
0.009999999776482582,16.194568634033203,493,493
0.009999999776482582,16.194568634033203,494,494
0.009999999776482582,16.194562911987305,495,495
0.009999999776482582,16.194568634033203,496,496
0.009999999776482582,16.194568634033203,497,497
0.009999999776482582,16.194578170776367,498,498
0.009999999776482582,16.1945858001709,499,499
0.009999999776482582,16.194591522216797,500,500
0.009999999776482582,16.194595336914062,501,501
0.009999999776482582,16.19458770751953,502,502
0.009999999776482582,16.19458770751953,503,503
0.009999999776482582,16.194595336914062,504,504
0.009999999776482582,16.194597244262695,505,505
0.009999999776482582,16.194597244262695,506,506
0.009999999776482582,16.194595336914062,507,507
0.009999999776482582,16.1945858001709,508,508
0.009999999776482582,16.19458770751953,509,509
0.009999999776482582,16.19458770751953,510,510
0.009999999776482582,16.1945858001709,511,511
0.009999999776482582,16.194595336914062,512,512
0.009999999776482582,16.194597244262695,513,513
0.009999999776482582,16.194583892822266,514,514
0.009999999776482582,16.194583892822266,515,515
0.009999999776482582,16.194580078125,516,516
0.009999999776482582,16.194583892822266,517,517
0.009999999776482582,16.194581985473633,518,518
0.009999999776482582,16.194580078125,519,519
0.009999999776482582,16.1945743560791,520,520
0.009999999776482582,16.1945743560791,521,521
0.009999999776482582,16.194578170776367,522,522
0.009999999776482582,16.194568634033203,523,523
0.009999999776482582,16.19456672668457,524,524
0.009999999776482582,16.1945743560791,525,525
0.009999999776482582,16.194578170776367,526,526
0.009999999776482582,16.1945858001709,527,527
0.009999999776482582,16.1945858001709,528,528
0.009999999776482582,16.194581985473633,529,529
0.009999999776482582,16.19458770751953,530,530
0.009999999776482582,16.194583892822266,531,531
0.009999999776482582,16.194583892822266,532,532
0.009999999776482582,16.19459342956543,533,533
0.009999999776482582,16.19459342956543,534,534
0.009999999776482582,16.194589614868164,535,535
0.009999999776482582,16.19460105895996,536,536
0.009999999776482582,16.194583892822266,537,537
0.009999999776482582,16.194576263427734,538,538
0.009999999776482582,16.194570541381836,539,539
0.009999999776482582,16.194557189941406,540,540
0.009999999776482582,16.19455337524414,541,541
0.009999999776482582,16.194557189941406,542,542
0.009999999776482582,16.194568634033203,543,543
0.009999999776482582,16.194576263427734,544,544
0.009999999776482582,16.194564819335938,545,545
0.009999999776482582,16.194568634033203,546,546
0.009999999776482582,16.19457244873047,547,547
0.009999999776482582,16.194578170776367,548,548
0.009999999776482582,16.194580078125,549,549
0.009999999776482582,16.194568634033203,550,550
0.009999999776482582,16.1945743560791,551,551
0.009999999776482582,16.194580078125,552,552
0.009999999776482582,16.194591522216797,553,553
0.009999999776482582,16.194581985473633,554,554
0.009999999776482582,16.19457244873047,555,555
0.009999999776482582,16.1945743560791,556,556
0.009999999776482582,16.19456672668457,557,557
0.009999999776482582,16.19457244873047,558,558
0.009999999776482582,16.194568634033203,559,559
0.009999999776482582,16.194568634033203,560,560
0.009999999776482582,16.19457244873047,561,561
0.009999999776482582,16.194578170776367,562,562
0.009999999776482582,16.194576263427734,563,563
0.009999999776482582,16.194578170776367,564,564
0.009999999776482582,16.1945858001709,565,565
0.009999999776482582,16.194581985473633,566,566
0.009999999776482582,16.194576263427734,567,567
0.009999999776482582,16.19458770751953,568,568
0.009999999776482582,16.194583892822266,569,569
0.009999999776482582,16.194583892822266,570,570
0.009999999776482582,16.19459342956543,571,571
0.009999999776482582,16.194595336914062,572,572
0.009999999776482582,16.194591522216797,573,573
0.009999999776482582,16.194591522216797,574,574
0.009999999776482582,16.1945858001709,575,575
0.009999999776482582,16.194581985473633,576,576
0.009999999776482582,16.19458770751953,577,577
0.009999999776482582,16.194580078125,578,578
0.009999999776482582,16.194578170776367,579,579
0.009999999776482582,16.194581985473633,580,580
0.009999999776482582,16.194583892822266,581,581
0.009999999776482582,16.1945858001709,582,582
0.009999999776482582,16.19458770751953,583,583
0.009999999776482582,16.194583892822266,584,584
0.009999999776482582,16.194581985473633,585,585
0.009999999776482582,16.194580078125,586,586
0.009999999776482582,16.194580078125,587,587
0.009999999776482582,16.194583892822266,588,588
0.009999999776482582,16.194583892822266,589,589
0.009999999776482582,16.19458770751953,590,590
0.009999999776482582,16.1945858001709,591,591
0.009999999776482582,16.194583892822266,592,592
0.009999999776482582,16.194583892822266,593,593
0.009999999776482582,16.194583892822266,594,594
0.009999999776482582,16.194581985473633,595,595
0.009999999776482582,16.194581985473633,596,596
0.009999999776482582,16.194583892822266,597,597
0.009999999776482582,16.194583892822266,598,598
0.009999999776482582,16.194583892822266,599,599
0.009999999776482582,16.194583892822266,600,600
0.009999999776482582,16.1945858001709,601,601
0.009999999776482582,16.194583892822266,602,602
0.009999999776482582,16.194580078125,603,603
0.009999999776482582,16.194581985473633,604,604
0.009999999776482582,16.194578170776367,605,605
0.009999999776482582,16.194580078125,606,606
0.009999999776482582,16.194580078125,607,607
0.009999999776482582,16.194580078125,608,608
0.009999999776482582,16.194583892822266,609,609
0.009999999776482582,16.194581985473633,610,610
0.009999999776482582,16.194583892822266,611,611
0.009999999776482582,16.194581985473633,612,612
0.009999999776482582,16.194580078125,613,613
0.009999999776482582,16.194581985473633,614,614
0.009999999776482582,16.1945858001709,615,615
0.009999999776482582,16.194583892822266,616,616
0.009999999776482582,16.1945858001709,617,617
0.009999999776482582,16.1945858001709,618,618
0.009999999776482582,16.1945858001709,619,619
0.009999999776482582,16.19458770751953,620,620
0.009999999776482582,16.19458770751953,621,621
0.009999999776482582,16.19458770751953,622,622
0.009999999776482582,16.194583892822266,623,623
0.009999999776482582,16.194583892822266,624,624
0.009999999776482582,16.194583892822266,625,625
0.009999999776482582,16.194583892822266,626,626
0.009999999776482582,16.1945858001709,627,627
0.009999999776482582,16.1945858001709,628,628
0.009999999776482582,16.194581985473633,629,629
0.009999999776482582,16.194580078125,630,630
0.009999999776482582,16.194580078125,631,631
0.009999999776482582,16.194576263427734,632,632
0.009999999776482582,16.194576263427734,633,633
0.009999999776482582,16.194580078125,634,634
0.009999999776482582,16.194580078125,635,635
0.009999999776482582,16.194580078125,636,636
0.009999999776482582,16.194583892822266,637,637
0.009999999776482582,16.194581985473633,638,638
0.009999999776482582,16.194581985473633,639,639
0.009999999776482582,16.194578170776367,640,640
0.009999999776482582,16.194583892822266,641,641
0.009999999776482582,16.194583892822266,642,642
0.009999999776482582,16.194583892822266,643,643
0.009999999776482582,16.1945858001709,644,644
0.009999999776482582,16.194589614868164,645,645
0.009999999776482582,16.19458770751953,646,646
0.009999999776482582,16.19458770751953,647,647
0.009999999776482582,16.19458770751953,648,648
0.009999999776482582,16.194589614868164,649,649
0.009999999776482582,16.1945858001709,650,650
0.009999999776482582,16.194583892822266,651,651
0.009999999776482582,16.194583892822266,652,652
0.009999999776482582,16.1945858001709,653,653
0.009999999776482582,16.1945858001709,654,654
0.009999999776482582,16.19458770751953,655,655
0.009999999776482582,16.1945858001709,656,656
0.009999999776482582,16.194583892822266,657,657
0.009999999776482582,16.194580078125,658,658
0.009999999776482582,16.19458770751953,659,659
0.009999999776482582,16.194583892822266,660,660
0.009999999776482582,16.1945858001709,661,661
0.009999999776482582,16.194581985473633,662,662
0.009999999776482582,16.194580078125,663,663
0.009999999776482582,16.194580078125,664,664
0.009999999776482582,16.194578170776367,665,665
0.009999999776482582,16.194576263427734,666,666
0.009999999776482582,16.194576263427734,667,667
0.009999999776482582,16.194578170776367,668,668
0.009999999776482582,16.194578170776367,669,669
0.009999999776482582,16.194580078125,670,670
0.009999999776482582,16.194580078125,671,671
0.009999999776482582,16.194580078125,672,672
0.009999999776482582,16.194580078125,673,673
0.009999999776482582,16.194583892822266,674,674
0.009999999776482582,16.194581985473633,675,675
0.009999999776482582,16.194581985473633,676,676
0.009999999776482582,16.194581985473633,677,677
0.009999999776482582,16.194581985473633,678,678
0.009999999776482582,16.194583892822266,679,679
0.009999999776482582,16.1945858001709,680,680
0.009999999776482582,16.194583892822266,681,681
0.009999999776482582,16.194583892822266,682,682
0.009999999776482582,16.194583892822266,683,683
0.009999999776482582,16.194583892822266,684,684
0.009999999776482582,16.1945858001709,685,685
0.009999999776482582,16.194583892822266,686,686
0.009999999776482582,16.1945858001709,687,687
0.009999999776482582,16.1945858001709,688,688
0.009999999776482582,16.194583892822266,689,689
0.009999999776482582,16.194583892822266,690,690
0.009999999776482582,16.1945858001709,691,691
0.009999999776482582,16.1945858001709,692,692
0.009999999776482582,16.194581985473633,693,693
0.009999999776482582,16.1945858001709,694,694
0.009999999776482582,16.194583892822266,695,695
0.009999999776482582,16.194583892822266,696,696
0.009999999776482582,16.194581985473633,697,697
0.009999999776482582,16.194581985473633,698,698
0.009999999776482582,16.194580078125,699,699
0.009999999776482582,16.194580078125,700,700
0.009999999776482582,16.194576263427734,701,701
0.009999999776482582,16.194576263427734,702,702
0.009999999776482582,16.194578170776367,703,703
0.009999999776482582,16.194578170776367,704,704
0.009999999776482582,16.194580078125,705,705
0.009999999776482582,16.194578170776367,706,706
0.009999999776482582,16.194581985473633,707,707
0.009999999776482582,16.194581985473633,708,708
0.009999999776482582,16.194581985473633,709,709
0.009999999776482582,16.194583892822266,710,710
0.009999999776482582,16.194581985473633,711,711
0.009999999776482582,16.194583892822266,712,712
0.009999999776482582,16.194581985473633,713,713
0.009999999776482582,16.194581985473633,714,714
0.009999999776482582,16.194583892822266,715,715
0.009999999776482582,16.194583892822266,716,716
0.009999999776482582,16.194581985473633,717,717
0.009999999776482582,16.194583892822266,718,718
0.009999999776482582,16.1945858001709,719,719
0.009999999776482582,16.194583892822266,720,720
0.009999999776482582,16.1945858001709,721,721
0.009999999776482582,16.1945858001709,722,722
0.009999999776482582,16.1945858001709,723,723
0.009999999776482582,16.1945858001709,724,724
0.009999999776482582,16.1945858001709,725,725
0.009999999776482582,16.1945858001709,726,726
0.009999999776482582,16.1945858001709,727,727
0.009999999776482582,16.1945858001709,728,728
0.009999999776482582,16.1945858001709,729,729
0.009999999776482582,16.19458770751953,730,730
0.009999999776482582,16.194583892822266,731,731
0.009999999776482582,16.194583892822266,732,732
0.009999999776482582,16.194581985473633,733,733
0.009999999776482582,16.194580078125,734,734
0.009999999776482582,16.194581985473633,735,735
0.009999999776482582,16.194583892822266,736,736
0.009999999776482582,16.194581985473633,737,737
0.009999999776482582,16.194580078125,738,738
0.009999999776482582,16.194580078125,739,739
0.009999999776482582,16.194580078125,740,740
0.009999999776482582,16.194580078125,741,741
0.009999999776482582,16.194580078125,742,742
0.009999999776482582,16.194580078125,743,743
0.009999999776482582,16.194580078125,744,744
0.009999999776482582,16.194580078125,745,745
0.009999999776482582,16.194580078125,746,746
0.009999999776482582,16.194581985473633,747,747
0.009999999776482582,16.194583892822266,748,748
0.009999999776482582,16.194581985473633,749,749
0.009999999776482582,16.194583892822266,750,750
0.009999999776482582,16.194583892822266,751,751
0.009999999776482582,16.194583892822266,752,752
0.009999999776482582,16.194581985473633,753,753
0.009999999776482582,16.194583892822266,754,754
0.009999999776482582,16.1945858001709,755,755
0.009999999776482582,16.194583892822266,756,756
0.009999999776482582,16.1945858001709,757,757
0.009999999776482582,16.194583892822266,758,758
0.009999999776482582,16.19458770751953,759,759
0.009999999776482582,16.1945858001709,760,760
0.009999999776482582,16.1945858001709,761,761
0.009999999776482582,16.1945858001709,762,762
0.009999999776482582,16.19458770751953,763,763
0.009999999776482582,16.19458770751953,764,764
0.009999999776482582,16.19458770751953,765,765
0.009999999776482582,16.194589614868164,766,766
0.009999999776482582,16.1945858001709,767,767
0.009999999776482582,16.1945858001709,768,768
0.009999999776482582,16.194583892822266,769,769
0.009999999776482582,16.194583892822266,770,770
0.009999999776482582,16.194581985473633,771,771
0.009999999776482582,16.194583892822266,772,772
0.009999999776482582,16.194583892822266,773,773
0.009999999776482582,16.194581985473633,774,774
0.009999999776482582,16.194581985473633,775,775
0.009999999776482582,16.194581985473633,776,776
0.009999999776482582,16.194583892822266,777,777
0.009999999776482582,16.194580078125,778,778
0.009999999776482582,16.194581985473633,779,779
0.009999999776482582,16.194580078125,780,780
0.009999999776482582,16.194581985473633,781,781
0.009999999776482582,16.194580078125,782,782
0.009999999776482582,16.194581985473633,783,783
0.009999999776482582,16.194580078125,784,784
0.009999999776482582,16.194581985473633,785,785
0.009999999776482582,16.194580078125,786,786
0.009999999776482582,16.194580078125,787,787
0.009999999776482582,16.194580078125,788,788
0.009999999776482582,16.194580078125,789,789
0.009999999776482582,16.194580078125,790,790
0.009999999776482582,16.194583892822266,791,791
0.009999999776482582,16.194580078125,792,792
0.009999999776482582,16.194580078125,793,793
0.009999999776482582,16.194580078125,794,794
0.009999999776482582,16.194581985473633,795,795
0.009999999776482582,16.194583892822266,796,796
0.009999999776482582,16.194581985473633,797,797
0.009999999776482582,16.194583892822266,798,798
0.009999999776482582,16.194583892822266,799,799
0.009999999776482582,16.194583892822266,800,800
0.009999999776482582,16.1945858001709,801,801
0.009999999776482582,16.1945858001709,802,802
0.009999999776482582,16.1945858001709,803,803
0.009999999776482582,16.1945858001709,804,804
0.009999999776482582,16.1945858001709,805,805
0.009999999776482582,16.1945858001709,806,806
0.009999999776482582,16.1945858001709,807,807
0.009999999776482582,16.19458770751953,808,808
0.009999999776482582,16.1945858001709,809,809
0.009999999776482582,16.1945858001709,810,810
0.009999999776482582,16.194583892822266,811,811
0.009999999776482582,16.1945858001709,812,812
0.009999999776482582,16.194583892822266,813,813
0.009999999776482582,16.194583892822266,814,814
0.009999999776482582,16.194581985473633,815,815
0.009999999776482582,16.194583892822266,816,816
0.009999999776482582,16.194583892822266,817,817
0.009999999776482582,16.194583892822266,818,818
0.009999999776482582,16.194581985473633,819,819
0.009999999776482582,16.194581985473633,820,820
0.009999999776482582,16.194581985473633,821,821
0.009999999776482582,16.194583892822266,822,822
0.009999999776482582,16.194581985473633,823,823
0.009999999776482582,16.194581985473633,824,824
0.009999999776482582,16.194583892822266,825,825
0.009999999776482582,16.194583892822266,826,826
0.009999999776482582,16.194583892822266,827,827
0.009999999776482582,16.194583892822266,828,828
0.009999999776482582,16.194583892822266,829,829
0.009999999776482582,16.194583892822266,830,830
0.009999999776482582,16.194583892822266,831,831
0.009999999776482582,16.194583892822266,832,832
0.009999999776482582,16.194583892822266,833,833
0.009999999776482582,16.194583892822266,834,834
0.009999999776482582,16.194583892822266,835,835
0.009999999776482582,16.194583892822266,836,836
0.009999999776482582,16.194583892822266,837,837
0.009999999776482582,16.1945858001709,838,838
0.009999999776482582,16.194583892822266,839,839
0.009999999776482582,16.194583892822266,840,840
0.009999999776482582,16.1945858001709,841,841
0.009999999776482582,16.194583892822266,842,842
0.009999999776482582,16.194583892822266,843,843
0.009999999776482582,16.194581985473633,844,844
0.009999999776482582,16.1945858001709,845,845
0.009999999776482582,16.194581985473633,846,846
0.009999999776482582,16.194583892822266,847,847
0.009999999776482582,16.194583892822266,848,848
0.009999999776482582,16.194580078125,849,849
0.009999999776482582,16.194583892822266,850,850
0.009999999776482582,16.194581985473633,851,851
0.009999999776482582,16.194581985473633,852,852
0.009999999776482582,16.194581985473633,853,853
0.009999999776482582,16.194583892822266,854,854
0.009999999776482582,16.194581985473633,855,855
0.009999999776482582,16.194583892822266,856,856
0.009999999776482582,16.194583892822266,857,857
0.009999999776482582,16.194583892822266,858,858
0.009999999776482582,16.194583892822266,859,859
0.009999999776482582,16.194581985473633,860,860
0.009999999776482582,16.194581985473633,861,861
0.009999999776482582,16.194581985473633,862,862
0.009999999776482582,16.194581985473633,863,863
0.009999999776482582,16.194581985473633,864,864
0.009999999776482582,16.194583892822266,865,865
0.009999999776482582,16.194581985473633,866,866
0.009999999776482582,16.194580078125,867,867
0.009999999776482582,16.194583892822266,868,868
0.009999999776482582,16.194583892822266,869,869
0.009999999776482582,16.194583892822266,870,870
0.009999999776482582,16.194581985473633,871,871
0.009999999776482582,16.194583892822266,872,872
0.009999999776482582,16.194583892822266,873,873
0.009999999776482582,16.194583892822266,874,874
0.009999999776482582,16.194580078125,875,875
0.009999999776482582,16.194583892822266,876,876
0.009999999776482582,16.194583892822266,877,877
0.009999999776482582,16.194583892822266,878,878
0.009999999776482582,16.194583892822266,879,879
0.009999999776482582,16.194583892822266,880,880
0.009999999776482582,16.194583892822266,881,881
0.009999999776482582,16.194583892822266,882,882
0.009999999776482582,16.194583892822266,883,883
0.009999999776482582,16.194583892822266,884,884
0.009999999776482582,16.194583892822266,885,885
0.009999999776482582,16.194583892822266,886,886
0.009999999776482582,16.194583892822266,887,887
0.009999999776482582,16.194583892822266,888,888
0.009999999776482582,16.194583892822266,889,889
0.009999999776482582,16.194581985473633,890,890
0.009999999776482582,16.194581985473633,891,891
0.009999999776482582,16.194581985473633,892,892
0.009999999776482582,16.194581985473633,893,893
0.009999999776482582,16.194581985473633,894,894
0.009999999776482582,16.194581985473633,895,895
0.009999999776482582,16.194581985473633,896,896
0.009999999776482582,16.194580078125,897,897
0.009999999776482582,16.194583892822266,898,898
0.009999999776482582,16.194581985473633,899,899
0.009999999776482582,16.194581985473633,900,900
0.009999999776482582,16.194581985473633,901,901
0.009999999776482582,16.194583892822266,902,902
0.009999999776482582,16.194581985473633,903,903
0.009999999776482582,16.194583892822266,904,904
0.009999999776482582,16.194583892822266,905,905
0.009999999776482582,16.194583892822266,906,906
0.009999999776482582,16.194583892822266,907,907
0.009999999776482582,16.194581985473633,908,908
0.009999999776482582,16.194583892822266,909,909
0.009999999776482582,16.194583892822266,910,910
0.009999999776482582,16.194581985473633,911,911
0.009999999776482582,16.194583892822266,912,912
0.009999999776482582,16.194583892822266,913,913
0.009999999776482582,16.194583892822266,914,914
0.009999999776482582,16.194583892822266,915,915
0.009999999776482582,16.194581985473633,916,916
0.009999999776482582,16.194583892822266,917,917
0.009999999776482582,16.194583892822266,918,918
0.009999999776482582,16.194581985473633,919,919
0.009999999776482582,16.194583892822266,920,920
0.009999999776482582,16.194583892822266,921,921
0.009999999776482582,16.194583892822266,922,922
0.009999999776482582,16.194583892822266,923,923
0.009999999776482582,16.194583892822266,924,924
0.009999999776482582,16.194583892822266,925,925
0.009999999776482582,16.194583892822266,926,926
0.009999999776482582,16.194583892822266,927,927
0.009999999776482582,16.194583892822266,928,928
0.009999999776482582,16.194583892822266,929,929
0.009999999776482582,16.194583892822266,930,930
0.009999999776482582,16.194581985473633,931,931
0.009999999776482582,16.194583892822266,932,932
0.009999999776482582,16.194583892822266,933,933
0.009999999776482582,16.194581985473633,934,934
0.009999999776482582,16.194580078125,935,935
0.009999999776482582,16.194583892822266,936,936
0.009999999776482582,16.194583892822266,937,937
0.009999999776482582,16.194581985473633,938,938
0.009999999776482582,16.194583892822266,939,939
0.009999999776482582,16.194581985473633,940,940
0.009999999776482582,16.194581985473633,941,941
0.009999999776482582,16.194581985473633,942,942
0.009999999776482582,16.194581985473633,943,943
0.009999999776482582,16.194583892822266,944,944
0.009999999776482582,16.194581985473633,945,945
0.009999999776482582,16.194581985473633,946,946
0.009999999776482582,16.194581985473633,947,947
0.009999999776482582,16.194580078125,948,948
0.009999999776482582,16.194581985473633,949,949
0.009999999776482582,16.194581985473633,950,950
0.009999999776482582,16.194581985473633,951,951
0.009999999776482582,16.194583892822266,952,952
0.009999999776482582,16.194583892822266,953,953
0.009999999776482582,16.194581985473633,954,954
0.009999999776482582,16.194583892822266,955,955
0.009999999776482582,16.194581985473633,956,956
0.009999999776482582,16.194581985473633,957,957
0.009999999776482582,16.194581985473633,958,958
0.009999999776482582,16.194581985473633,959,959
0.009999999776482582,16.194581985473633,960,960
0.009999999776482582,16.194581985473633,961,961
0.009999999776482582,16.194581985473633,962,962
0.009999999776482582,16.194581985473633,963,963
0.009999999776482582,16.194581985473633,964,964
0.009999999776482582,16.194581985473633,965,965
0.009999999776482582,16.194583892822266,966,966
0.009999999776482582,16.194583892822266,967,967
0.009999999776482582,16.194583892822266,968,968
0.009999999776482582,16.194583892822266,969,969
0.009999999776482582,16.194583892822266,970,970
0.009999999776482582,16.194583892822266,971,971
0.009999999776482582,16.194583892822266,972,972
0.009999999776482582,16.194583892822266,973,973
0.009999999776482582,16.194583892822266,974,974
0.009999999776482582,16.194583892822266,975,975
0.009999999776482582,16.1945858001709,976,976
0.009999999776482582,16.1945858001709,977,977
0.009999999776482582,16.194583892822266,978,978
0.009999999776482582,16.194583892822266,979,979
0.009999999776482582,16.194583892822266,980,980
0.009999999776482582,16.194581985473633,981,981
0.009999999776482582,16.194581985473633,982,982
0.009999999776482582,16.194581985473633,983,983
0.009999999776482582,16.194581985473633,984,984
0.009999999776482582,16.194581985473633,985,985
0.009999999776482582,16.194581985473633,986,986
0.009999999776482582,16.194581985473633,987,987
0.009999999776482582,16.194583892822266,988,988
0.009999999776482582,16.194583892822266,989,989
0.009999999776482582,16.194583892822266,990,990
0.009999999776482582,16.194583892822266,991,991
0.009999999776482582,16.194583892822266,992,992
0.009999999776482582,16.194583892822266,993,993
0.009999999776482582,16.194583892822266,994,994
0.009999999776482582,16.194583892822266,995,995
0.009999999776482582,16.194583892822266,996,996
0.009999999776482582,16.194583892822266,997,997
0.009999999776482582,16.194583892822266,998,998
0.009999999776482582,16.194583892822266,999,999
0.009999999776482582,16.194583892822266,1000,1000
0.009999999776482582,16.194583892822266,1001,1001
0.009999999776482582,16.194583892822266,1002,1002
0.009999999776482582,16.19458770751953,1003,1003
0.009999999776482582,16.194583892822266,1004,1004
0.009999999776482582,16.194583892822266,1005,1005
0.009999999776482582,16.194583892822266,1006,1006
0.009999999776482582,16.194583892822266,1007,1007
0.009999999776482582,16.194583892822266,1008,1008
0.009999999776482582,16.194583892822266,1009,1009
0.009999999776482582,16.194583892822266,1010,1010
0.009999999776482582,16.194583892822266,1011,1011
0.009999999776482582,16.194583892822266,1012,1012
0.009999999776482582,16.194583892822266,1013,1013
0.009999999776482582,16.194583892822266,1014,1014
0.009999999776482582,16.194581985473633,1015,1015
0.009999999776482582,16.194580078125,1016,1016
0.009999999776482582,16.194583892822266,1017,1017
0.009999999776482582,16.194583892822266,1018,1018
0.009999999776482582,16.194583892822266,1019,1019
0.009999999776482582,16.194583892822266,1020,1020
0.009999999776482582,16.194583892822266,1021,1021
0.009999999776482582,16.194583892822266,1022,1022
0.009999999776482582,16.194583892822266,1023,1023
0.009999999776482582,16.194583892822266,1024,1024
0.009999999776482582,16.194583892822266,1025,1025
0.009999999776482582,16.194583892822266,1026,1026
0.009999999776482582,16.194583892822266,1027,1027
0.009999999776482582,16.194583892822266,1028,1028
0.009999999776482582,16.194583892822266,1029,1029
0.009999999776482582,16.194583892822266,1030,1030
0.009999999776482582,16.194583892822266,1031,1031
0.009999999776482582,16.194583892822266,1032,1032
0.009999999776482582,16.194583892822266,1033,1033
0.009999999776482582,16.194583892822266,1034,1034
0.009999999776482582,16.194583892822266,1035,1035
0.009999999776482582,16.194583892822266,1036,1036
0.009999999776482582,16.194583892822266,1037,1037
0.009999999776482582,16.194583892822266,1038,1038
0.009999999776482582,16.194583892822266,1039,1039
0.009999999776482582,16.194583892822266,1040,1040
0.009999999776482582,16.194583892822266,1041,1041
0.009999999776482582,16.194583892822266,1042,1042
0.009999999776482582,16.194583892822266,1043,1043
0.009999999776482582,16.194583892822266,1044,1044
0.009999999776482582,16.194583892822266,1045,1045
0.009999999776482582,16.194583892822266,1046,1046
0.009999999776482582,16.194583892822266,1047,1047
0.009999999776482582,16.194583892822266,1048,1048
0.009999999776482582,16.194583892822266,1049,1049
0.009999999776482582,16.194583892822266,1050,1050
0.009999999776482582,16.194583892822266,1051,1051
0.009999999776482582,16.194583892822266,1052,1052
0.009999999776482582,16.194583892822266,1053,1053
0.009999999776482582,16.194583892822266,1054,1054
0.009999999776482582,16.194583892822266,1055,1055
0.009999999776482582,16.194583892822266,1056,1056
0.009999999776482582,16.194583892822266,1057,1057
0.009999999776482582,16.194583892822266,1058,1058
0.009999999776482582,16.194583892822266,1059,1059
0.009999999776482582,16.194583892822266,1060,1060
0.009999999776482582,16.194583892822266,1061,1061
0.009999999776482582,16.194583892822266,1062,1062
0.009999999776482582,16.194583892822266,1063,1063
0.009999999776482582,16.194583892822266,1064,1064
0.009999999776482582,16.194583892822266,1065,1065
0.009999999776482582,16.194583892822266,1066,1066
0.009999999776482582,16.194583892822266,1067,1067
0.009999999776482582,16.194583892822266,1068,1068
0.009999999776482582,16.194583892822266,1069,1069
0.009999999776482582,16.194583892822266,1070,1070
0.009999999776482582,16.194583892822266,1071,1071
0.009999999776482582,16.194583892822266,1072,1072
0.009999999776482582,16.194583892822266,1073,1073
0.009999999776482582,16.194583892822266,1074,1074
0.009999999776482582,16.194583892822266,1075,1075
0.009999999776482582,16.194583892822266,1076,1076
0.009999999776482582,16.194583892822266,1077,1077
0.009999999776482582,16.194583892822266,1078,1078
0.009999999776482582,16.194583892822266,1079,1079
0.009999999776482582,16.194583892822266,1080,1080
0.009999999776482582,16.194583892822266,1081,1081
0.009999999776482582,16.194583892822266,1082,1082
0.009999999776482582,16.194583892822266,1083,1083
0.009999999776482582,16.194583892822266,1084,1084
0.009999999776482582,16.194583892822266,1085,1085
0.009999999776482582,16.194583892822266,1086,1086
0.009999999776482582,16.194583892822266,1087,1087
0.009999999776482582,16.194583892822266,1088,1088
0.009999999776482582,16.194583892822266,1089,1089
0.009999999776482582,16.194583892822266,1090,1090
0.009999999776482582,16.194583892822266,1091,1091
0.009999999776482582,16.194583892822266,1092,1092
0.009999999776482582,16.194583892822266,1093,1093
0.009999999776482582,16.194583892822266,1094,1094
0.009999999776482582,16.194583892822266,1095,1095
0.009999999776482582,16.194583892822266,1096,1096
0.009999999776482582,16.194583892822266,1097,1097
0.009999999776482582,16.194583892822266,1098,1098
0.009999999776482582,16.194583892822266,1099,1099
0.009999999776482582,16.194583892822266,1100,1100
0.009999999776482582,16.194583892822266,1101,1101
0.009999999776482582,16.194583892822266,1102,1102
0.009999999776482582,16.194583892822266,1103,1103
0.009999999776482582,16.194583892822266,1104,1104
0.009999999776482582,16.194583892822266,1105,1105
0.009999999776482582,16.194583892822266,1106,1106
0.009999999776482582,16.194583892822266,1107,1107
0.009999999776482582,16.194583892822266,1108,1108
0.009999999776482582,16.194583892822266,1109,1109
0.009999999776482582,16.194583892822266,1110,1110
0.009999999776482582,16.194583892822266,1111,1111
0.009999999776482582,16.194583892822266,1112,1112
0.009999999776482582,16.194583892822266,1113,1113
0.009999999776482582,16.194583892822266,1114,1114
0.009999999776482582,16.194583892822266,1115,1115
0.009999999776482582,16.194583892822266,1116,1116
0.009999999776482582,16.194583892822266,1117,1117
0.009999999776482582,16.194583892822266,1118,1118
0.009999999776482582,16.194583892822266,1119,1119
0.009999999776482582,16.194583892822266,1120,1120
0.009999999776482582,16.194583892822266,1121,1121
0.009999999776482582,16.194583892822266,1122,1122
0.009999999776482582,16.194583892822266,1123,1123
0.009999999776482582,16.194583892822266,1124,1124
0.009999999776482582,16.194583892822266,1125,1125
0.009999999776482582,16.194583892822266,1126,1126
0.009999999776482582,16.194583892822266,1127,1127
0.009999999776482582,16.194583892822266,1128,1128
0.009999999776482582,16.194583892822266,1129,1129
0.009999999776482582,16.194583892822266,1130,1130
0.009999999776482582,16.194583892822266,1131,1131
0.009999999776482582,16.194583892822266,1132,1132
0.009999999776482582,16.194583892822266,1133,1133
0.009999999776482582,16.194583892822266,1134,1134
0.009999999776482582,16.194583892822266,1135,1135
0.009999999776482582,16.194583892822266,1136,1136
0.009999999776482582,16.194583892822266,1137,1137
0.009999999776482582,16.194583892822266,1138,1138
0.009999999776482582,16.194583892822266,1139,1139
0.009999999776482582,16.194583892822266,1140,1140
0.009999999776482582,16.194583892822266,1141,1141
0.009999999776482582,16.194583892822266,1142,1142
0.009999999776482582,16.194583892822266,1143,1143
0.009999999776482582,16.194583892822266,1144,1144
0.009999999776482582,16.194583892822266,1145,1145
0.009999999776482582,16.194583892822266,1146,1146
0.009999999776482582,16.194583892822266,1147,1147
0.009999999776482582,16.194583892822266,1148,1148
0.009999999776482582,16.194583892822266,1149,1149
0.009999999776482582,16.194583892822266,1150,1150
0.009999999776482582,16.194583892822266,1151,1151
0.009999999776482582,16.194583892822266,1152,1152
0.009999999776482582,16.194583892822266,1153,1153
0.009999999776482582,16.194583892822266,1154,1154
0.009999999776482582,16.194583892822266,1155,1155
0.009999999776482582,16.194583892822266,1156,1156
0.009999999776482582,16.194583892822266,1157,1157
0.009999999776482582,16.194583892822266,1158,1158
0.009999999776482582,16.194583892822266,1159,1159
0.009999999776482582,16.194583892822266,1160,1160
0.009999999776482582,16.194583892822266,1161,1161
0.009999999776482582,16.194583892822266,1162,1162
0.009999999776482582,16.194583892822266,1163,1163
0.009999999776482582,16.194583892822266,1164,1164
0.009999999776482582,16.194583892822266,1165,1165
0.009999999776482582,16.194583892822266,1166,1166
0.009999999776482582,16.194583892822266,1167,1167
0.009999999776482582,16.194583892822266,1168,1168
0.009999999776482582,16.194583892822266,1169,1169
0.009999999776482582,16.194583892822266,1170,1170
0.009999999776482582,16.194583892822266,1171,1171
0.009999999776482582,16.194583892822266,1172,1172
0.009999999776482582,16.194583892822266,1173,1173
0.009999999776482582,16.194583892822266,1174,1174
0.009999999776482582,16.194583892822266,1175,1175
0.009999999776482582,16.194583892822266,1176,1176
0.009999999776482582,16.194583892822266,1177,1177
0.009999999776482582,16.194583892822266,1178,1178
0.009999999776482582,16.194583892822266,1179,1179
0.009999999776482582,16.194583892822266,1180,1180
0.009999999776482582,16.194583892822266,1181,1181
0.009999999776482582,16.194583892822266,1182,1182
0.009999999776482582,16.194583892822266,1183,1183
0.009999999776482582,16.194583892822266,1184,1184
0.009999999776482582,16.194583892822266,1185,1185
0.009999999776482582,16.194583892822266,1186,1186
0.009999999776482582,16.194583892822266,1187,1187
0.009999999776482582,16.194583892822266,1188,1188
0.009999999776482582,16.194583892822266,1189,1189
0.009999999776482582,16.194583892822266,1190,1190
0.009999999776482582,16.194583892822266,1191,1191
0.009999999776482582,16.194583892822266,1192,1192
0.009999999776482582,16.194583892822266,1193,1193
0.009999999776482582,16.194583892822266,1194,1194
0.009999999776482582,16.194583892822266,1195,1195
0.009999999776482582,16.194583892822266,1196,1196
0.009999999776482582,16.194583892822266,1197,1197
0.009999999776482582,16.194583892822266,1198,1198
0.009999999776482582,16.194583892822266,1199,1199
0.009999999776482582,16.194583892822266,1200,1200
0.009999999776482582,16.194583892822266,1201,1201
0.009999999776482582,16.194583892822266,1202,1202
0.009999999776482582,16.194583892822266,1203,1203
0.009999999776482582,16.194583892822266,1204,1204
0.009999999776482582,16.194583892822266,1205,1205
0.009999999776482582,16.194583892822266,1206,1206
0.009999999776482582,16.194583892822266,1207,1207
0.009999999776482582,16.194583892822266,1208,1208
0.009999999776482582,16.194583892822266,1209,1209
0.009999999776482582,16.194583892822266,1210,1210
0.009999999776482582,16.194583892822266,1211,1211
0.009999999776482582,16.194583892822266,1212,1212
0.009999999776482582,16.194583892822266,1213,1213
0.009999999776482582,16.194583892822266,1214,1214
0.009999999776482582,16.194583892822266,1215,1215
0.009999999776482582,16.194583892822266,1216,1216
0.009999999776482582,16.194583892822266,1217,1217
0.009999999776482582,16.194583892822266,1218,1218
0.009999999776482582,16.194583892822266,1219,1219
0.009999999776482582,16.194583892822266,1220,1220
0.009999999776482582,16.194583892822266,1221,1221
0.009999999776482582,16.194583892822266,1222,1222
0.009999999776482582,16.194583892822266,1223,1223
0.009999999776482582,16.194583892822266,1224,1224
0.009999999776482582,16.194583892822266,1225,1225
0.009999999776482582,16.194583892822266,1226,1226
0.009999999776482582,16.194583892822266,1227,1227
0.009999999776482582,16.194583892822266,1228,1228
0.009999999776482582,16.194583892822266,1229,1229
0.009999999776482582,16.194583892822266,1230,1230
0.009999999776482582,16.194583892822266,1231,1231
0.009999999776482582,16.194583892822266,1232,1232
0.009999999776482582,16.194583892822266,1233,1233
0.009999999776482582,16.194583892822266,1234,1234
0.009999999776482582,16.194583892822266,1235,1235
0.009999999776482582,16.194583892822266,1236,1236
0.009999999776482582,16.194583892822266,1237,1237
0.009999999776482582,16.194583892822266,1238,1238
0.009999999776482582,16.194583892822266,1239,1239
0.009999999776482582,16.194583892822266,1240,1240
0.009999999776482582,16.194583892822266,1241,1241
0.009999999776482582,16.194583892822266,1242,1242
0.009999999776482582,16.194583892822266,1243,1243
0.009999999776482582,16.194583892822266,1244,1244
0.009999999776482582,16.194583892822266,1245,1245
0.009999999776482582,16.194583892822266,1246,1246
0.009999999776482582,16.194583892822266,1247,1247
0.009999999776482582,16.194583892822266,1248,1248
0.009999999776482582,16.194583892822266,1249,1249
0.009999999776482582,16.194583892822266,1250,1250
0.009999999776482582,16.194583892822266,1251,1251
0.009999999776482582,16.194583892822266,1252,1252
0.009999999776482582,16.194583892822266,1253,1253
0.009999999776482582,16.194583892822266,1254,1254
0.009999999776482582,16.194583892822266,1255,1255
0.009999999776482582,16.194583892822266,1256,1256
0.009999999776482582,16.194583892822266,1257,1257
0.009999999776482582,16.194583892822266,1258,1258
0.009999999776482582,16.194583892822266,1259,1259
0.009999999776482582,16.194583892822266,1260,1260
0.009999999776482582,16.194583892822266,1261,1261
0.009999999776482582,16.194583892822266,1262,1262
0.009999999776482582,16.194583892822266,1263,1263
0.009999999776482582,16.194583892822266,1264,1264
0.009999999776482582,16.194583892822266,1265,1265
0.009999999776482582,16.194583892822266,1266,1266
0.009999999776482582,16.194583892822266,1267,1267
0.009999999776482582,16.194583892822266,1268,1268
0.009999999776482582,16.194583892822266,1269,1269
0.009999999776482582,16.194583892822266,1270,1270
0.009999999776482582,16.194583892822266,1271,1271
0.009999999776482582,16.194583892822266,1272,1272
0.009999999776482582,16.194583892822266,1273,1273
0.009999999776482582,16.194583892822266,1274,1274
0.009999999776482582,16.194583892822266,1275,1275
0.009999999776482582,16.194583892822266,1276,1276
0.009999999776482582,16.194583892822266,1277,1277
0.009999999776482582,16.194583892822266,1278,1278
0.009999999776482582,16.194583892822266,1279,1279
0.009999999776482582,16.194583892822266,1280,1280
0.009999999776482582,16.194583892822266,1281,1281
0.009999999776482582,16.194583892822266,1282,1282
0.009999999776482582,16.194583892822266,1283,1283
0.009999999776482582,16.194583892822266,1284,1284
0.009999999776482582,16.194583892822266,1285,1285
0.009999999776482582,16.194583892822266,1286,1286
0.009999999776482582,16.194583892822266,1287,1287
0.009999999776482582,16.194583892822266,1288,1288
0.009999999776482582,16.194583892822266,1289,1289
0.009999999776482582,16.194583892822266,1290,1290
0.009999999776482582,16.194583892822266,1291,1291
0.009999999776482582,16.194583892822266,1292,1292
0.009999999776482582,16.194583892822266,1293,1293
0.009999999776482582,16.194583892822266,1294,1294
0.009999999776482582,16.194583892822266,1295,1295
0.009999999776482582,16.194583892822266,1296,1296
0.009999999776482582,16.194583892822266,1297,1297
0.009999999776482582,16.194583892822266,1298,1298
0.009999999776482582,16.194583892822266,1299,1299
0.009999999776482582,16.194583892822266,1300,1300
0.009999999776482582,16.194583892822266,1301,1301
0.009999999776482582,16.194583892822266,1302,1302
0.009999999776482582,16.194583892822266,1303,1303
0.009999999776482582,16.194583892822266,1304,1304
0.009999999776482582,16.194583892822266,1305,1305
0.009999999776482582,16.194583892822266,1306,1306
0.009999999776482582,16.194583892822266,1307,1307
0.009999999776482582,16.194583892822266,1308,1308
0.009999999776482582,16.194583892822266,1309,1309
0.009999999776482582,16.194583892822266,1310,1310
0.009999999776482582,16.194583892822266,1311,1311
0.009999999776482582,16.194583892822266,1312,1312
0.009999999776482582,16.194583892822266,1313,1313
0.009999999776482582,16.194583892822266,1314,1314
0.009999999776482582,16.194583892822266,1315,1315
0.009999999776482582,16.194583892822266,1316,1316
0.009999999776482582,16.194583892822266,1317,1317
0.009999999776482582,16.194583892822266,1318,1318
0.009999999776482582,16.194583892822266,1319,1319
0.009999999776482582,16.194583892822266,1320,1320
0.009999999776482582,16.194583892822266,1321,1321
0.009999999776482582,16.194583892822266,1322,1322
0.009999999776482582,16.194583892822266,1323,1323
0.009999999776482582,16.194583892822266,1324,1324
0.009999999776482582,16.194583892822266,1325,1325
0.009999999776482582,16.194583892822266,1326,1326
0.009999999776482582,16.194583892822266,1327,1327
0.009999999776482582,16.194583892822266,1328,1328
0.009999999776482582,16.194583892822266,1329,1329
0.009999999776482582,16.194583892822266,1330,1330
0.009999999776482582,16.194583892822266,1331,1331
0.009999999776482582,16.194583892822266,1332,1332
0.009999999776482582,16.194583892822266,1333,1333
0.009999999776482582,16.194583892822266,1334,1334
0.009999999776482582,16.194583892822266,1335,1335
0.009999999776482582,16.194583892822266,1336,1336
0.009999999776482582,16.194583892822266,1337,1337
0.009999999776482582,16.194583892822266,1338,1338
0.009999999776482582,16.194583892822266,1339,1339
0.009999999776482582,16.194583892822266,1340,1340
0.009999999776482582,16.194583892822266,1341,1341
0.009999999776482582,16.194583892822266,1342,1342
0.009999999776482582,16.194583892822266,1343,1343
0.009999999776482582,16.194583892822266,1344,1344
0.009999999776482582,16.194583892822266,1345,1345
0.009999999776482582,16.194583892822266,1346,1346
0.009999999776482582,16.194583892822266,1347,1347
0.009999999776482582,16.194583892822266,1348,1348
0.009999999776482582,16.194583892822266,1349,1349
0.009999999776482582,16.194583892822266,1350,1350
0.009999999776482582,16.194583892822266,1351,1351
0.009999999776482582,16.194583892822266,1352,1352
0.009999999776482582,16.194583892822266,1353,1353
0.009999999776482582,16.194583892822266,1354,1354
0.009999999776482582,16.194583892822266,1355,1355
0.009999999776482582,16.194583892822266,1356,1356
0.009999999776482582,16.194583892822266,1357,1357
0.009999999776482582,16.194583892822266,1358,1358
0.009999999776482582,16.194583892822266,1359,1359
0.009999999776482582,16.194583892822266,1360,1360
0.009999999776482582,16.194583892822266,1361,1361
0.009999999776482582,16.194583892822266,1362,1362
0.009999999776482582,16.194583892822266,1363,1363
0.009999999776482582,16.194583892822266,1364,1364
0.009999999776482582,16.194583892822266,1365,1365
0.009999999776482582,16.194583892822266,1366,1366
0.009999999776482582,16.194583892822266,1367,1367
0.009999999776482582,16.194583892822266,1368,1368
0.009999999776482582,16.194583892822266,1369,1369
0.009999999776482582,16.194583892822266,1370,1370
0.009999999776482582,16.194583892822266,1371,1371
0.009999999776482582,16.194583892822266,1372,1372
0.009999999776482582,16.194583892822266,1373,1373
0.009999999776482582,16.194583892822266,1374,1374
0.009999999776482582,16.194583892822266,1375,1375
0.009999999776482582,16.194583892822266,1376,1376
0.009999999776482582,16.194583892822266,1377,1377
0.009999999776482582,16.194583892822266,1378,1378
0.009999999776482582,16.194583892822266,1379,1379
0.009999999776482582,16.194583892822266,1380,1380
0.009999999776482582,16.194583892822266,1381,1381
0.009999999776482582,16.194583892822266,1382,1382
0.009999999776482582,16.194583892822266,1383,1383
0.009999999776482582,16.194583892822266,1384,1384
0.009999999776482582,16.194583892822266,1385,1385
0.009999999776482582,16.194583892822266,1386,1386
0.009999999776482582,16.194583892822266,1387,1387
0.009999999776482582,16.194583892822266,1388,1388
0.009999999776482582,16.194583892822266,1389,1389
0.009999999776482582,16.194583892822266,1390,1390
0.009999999776482582,16.194583892822266,1391,1391
0.009999999776482582,16.194583892822266,1392,1392
0.009999999776482582,16.194583892822266,1393,1393
0.009999999776482582,16.194583892822266,1394,1394
0.009999999776482582,16.194583892822266,1395,1395
0.009999999776482582,16.194583892822266,1396,1396
0.009999999776482582,16.194583892822266,1397,1397
0.009999999776482582,16.194583892822266,1398,1398
0.009999999776482582,16.194583892822266,1399,1399
0.009999999776482582,16.194583892822266,1400,1400
0.009999999776482582,16.194583892822266,1401,1401
0.009999999776482582,16.194583892822266,1402,1402
0.009999999776482582,16.194583892822266,1403,1403
0.009999999776482582,16.194583892822266,1404,1404
0.009999999776482582,16.194583892822266,1405,1405
0.009999999776482582,16.194583892822266,1406,1406
0.009999999776482582,16.194583892822266,1407,1407
0.009999999776482582,16.194583892822266,1408,1408
0.009999999776482582,16.194583892822266,1409,1409
0.009999999776482582,16.194583892822266,1410,1410
0.009999999776482582,16.194583892822266,1411,1411
0.009999999776482582,16.194583892822266,1412,1412
0.009999999776482582,16.194583892822266,1413,1413
0.009999999776482582,16.194583892822266,1414,1414
0.009999999776482582,16.194583892822266,1415,1415
0.009999999776482582,16.194583892822266,1416,1416
0.009999999776482582,16.194583892822266,1417,1417
0.009999999776482582,16.194583892822266,1418,1418
0.009999999776482582,16.194583892822266,1419,1419
0.009999999776482582,16.194583892822266,1420,1420
0.009999999776482582,16.194583892822266,1421,1421
0.009999999776482582,16.194583892822266,1422,1422
0.009999999776482582,16.194583892822266,1423,1423
0.009999999776482582,16.194583892822266,1424,1424
0.009999999776482582,16.194583892822266,1425,1425
0.009999999776482582,16.194583892822266,1426,1426
0.009999999776482582,16.194583892822266,1427,1427
0.009999999776482582,16.194583892822266,1428,1428
0.009999999776482582,16.194583892822266,1429,1429
0.009999999776482582,16.194583892822266,1430,1430
0.009999999776482582,16.194583892822266,1431,1431
0.009999999776482582,16.194583892822266,1432,1432
0.009999999776482582,16.194583892822266,1433,1433
0.009999999776482582,16.194583892822266,1434,1434
0.009999999776482582,16.194583892822266,1435,1435
0.009999999776482582,16.194583892822266,1436,1436
0.009999999776482582,16.194583892822266,1437,1437
0.009999999776482582,16.194583892822266,1438,1438
0.009999999776482582,16.194583892822266,1439,1439
0.009999999776482582,16.194583892822266,1440,1440
0.009999999776482582,16.194583892822266,1441,1441
0.009999999776482582,16.194583892822266,1442,1442
0.009999999776482582,16.194583892822266,1443,1443
0.009999999776482582,16.194583892822266,1444,1444
0.009999999776482582,16.194583892822266,1445,1445
0.009999999776482582,16.194583892822266,1446,1446
0.009999999776482582,16.194583892822266,1447,1447
0.009999999776482582,16.194583892822266,1448,1448
0.009999999776482582,16.194583892822266,1449,1449
0.009999999776482582,16.194583892822266,1450,1450
0.009999999776482582,16.194583892822266,1451,1451
0.009999999776482582,16.194583892822266,1452,1452
0.009999999776482582,16.194583892822266,1453,1453
0.009999999776482582,16.194583892822266,1454,1454
0.009999999776482582,16.194583892822266,1455,1455
0.009999999776482582,16.194583892822266,1456,1456
0.009999999776482582,16.194583892822266,1457,1457
0.009999999776482582,16.194583892822266,1458,1458
0.009999999776482582,16.194583892822266,1459,1459
0.009999999776482582,16.194583892822266,1460,1460
0.009999999776482582,16.194583892822266,1461,1461
0.009999999776482582,16.194583892822266,1462,1462
0.009999999776482582,16.194583892822266,1463,1463
0.009999999776482582,16.194583892822266,1464,1464
0.009999999776482582,16.194583892822266,1465,1465
0.009999999776482582,16.194583892822266,1466,1466
0.009999999776482582,16.194583892822266,1467,1467
0.009999999776482582,16.194583892822266,1468,1468
0.009999999776482582,16.194583892822266,1469,1469
0.009999999776482582,16.194583892822266,1470,1470
0.009999999776482582,16.194583892822266,1471,1471
0.009999999776482582,16.194583892822266,1472,1472
0.009999999776482582,16.194583892822266,1473,1473
0.009999999776482582,16.194583892822266,1474,1474
0.009999999776482582,16.194583892822266,1475,1475
0.009999999776482582,16.194583892822266,1476,1476
0.009999999776482582,16.194583892822266,1477,1477
0.009999999776482582,16.194583892822266,1478,1478
0.009999999776482582,16.194583892822266,1479,1479
0.009999999776482582,16.194583892822266,1480,1480
0.009999999776482582,16.194583892822266,1481,1481
0.009999999776482582,16.194583892822266,1482,1482
0.009999999776482582,16.194583892822266,1483,1483
0.009999999776482582,16.194583892822266,1484,1484
0.009999999776482582,16.194583892822266,1485,1485
0.009999999776482582,16.194583892822266,1486,1486
0.009999999776482582,16.194583892822266,1487,1487
0.009999999776482582,16.194583892822266,1488,1488
0.009999999776482582,16.194583892822266,1489,1489
0.009999999776482582,16.194583892822266,1490,1490
0.009999999776482582,16.194583892822266,1491,1491
0.009999999776482582,16.194583892822266,1492,1492
0.009999999776482582,16.194583892822266,1493,1493
0.009999999776482582,16.194583892822266,1494,1494
0.009999999776482582,16.194583892822266,1495,1495
0.009999999776482582,16.194583892822266,1496,1496
0.009999999776482582,16.194583892822266,1497,1497
0.009999999776482582,16.194583892822266,1498,1498
0.009999999776482582,16.194583892822266,1499,1499
